customer_id,churn_prediction,churn_probability
767114958,0,0.0025
708123033,0,0.015
715424283,0,0.095
717865008,0,0.0025
710188308,0,0.025
716574033,0,0.0025
713183508,0,0.0025
718583133,0,0.0125
783554958,0,0.005
714418158,0,0.0025
710061783,1,0.845
716225433,0,0.005
788327358,0,0.0225
714847983,0,0.0
720031908,0,0.0
713700258,0,0.005
721265883,0,0.0925
715321008,1,0.93
717831783,0,0.05
711480108,0,0.0375
797638383,0,0.0025
709950858,0,0.0025
717060858,1,0.9125
716045508,0,0.025
787482033,1,0.7775
719601708,0,0.015
717683583,0,0.005
813905508,0,0.0075
769985883,1,0.305
718927533,0,0.015
784868958,0,0.0075
787539333,0,0.0
789871233,0,0.0075
826061508,0,0.0275
716354883,1,0.8975
717678408,0,0.015
715341858,0,0.0275
713003358,1,0.94
713374533,0,0.01
709985133,0,0.03
771204108,0,0.0
713758758,0,0.0225
709453833,0,0.005
713227233,0,0.0
714967233,1,0.5
714358008,0,0.0275
779514558,0,0.01
794498733,0,0.0125
793015083,0,0.0
789212883,1,0.9125
718677858,0,0.01
713675658,0,0.01
719523108,0,0.01
708390633,0,0.01
715098333,0,0.0175
712060158,0,0.0
716831508,0,0.035
778172583,0,0.0025
789430083,0,0.0025
709996833,1,0.685
708890133,0,0.04
773332908,0,0.0
715870758,0,0.02
789363408,0,0.005
779118708,0,0.0025
710544033,0,0.0
717500133,0,0.0175
712046808,1,0.575
815484783,0,0.0125
713843283,0,0.0025
717260058,0,0.0375
773383158,0,0.035
711041508,0,0.02
816843933,0,0.0
715043508,0,0.0
717241233,0,0.0
717521508,0,0.025
708331758,0,0.0375
715571583,0,0.005
711146358,0,0.04
789594108,0,0.01
779327733,0,0.0175
711391308,0,0.0
718994583,0,0.005
718212633,0,0.0
711861258,0,0.0375
718123608,0,0.0
718958583,1,0.6025
772207683,0,0.005
719629308,1,0.2975
708303108,0,0.02
788957358,0,0.03
708727983,0,0.025
714217908,1,0.1
708928908,0,0.03
712411908,0,0.0075
771075258,0,0.0675
717866133,0,0.0125
713652783,0,0.0375
714076683,1,0.89
803963808,0,0.0075
778968408,0,0.0175
720064158,0,0.005
778921908,0,0.0025
770878458,0,0.005
786087633,0,0.0125
788752833,0,0.0275
766006758,0,0.04
710342508,0,0.0025
711422358,0,0.005
778574283,0,0.0075
709987683,1,0.995
821168733,0,0.0025
717765183,0,0.01
708723858,0,0.0
720618033,0,0.0
718899708,0,0.0775
716437533,0,0.0175
717491058,0,0.035
711029358,0,0.035
716768808,0,0.02
801056358,0,0.0
779210283,0,0.0075
718441308,0,0.0025
713241033,0,0.0275
711064008,0,0.03
772137183,1,0.9275
788739633,1,0.7125
708953883,1,0.895
716549058,0,0.015
824789283,0,0.0475
788252358,0,0.0025
819752133,0,0.0
716944983,0,0.0575
716545383,0,0.0525
720836808,0,0.0125
783361533,0,0.01
710893533,0,0.035
709793133,0,0.0225
716609433,1,0.605
715222533,1,0.86
713597658,1,0.6425
720837708,0,0.0175
786546783,0,0.085
778747608,0,0.0025
801385458,0,0.005
720844008,0,0.0
754443033,1,0.795
799486158,0,0.0075
798140283,0,0.065
772036233,0,0.0225
711427458,1,0.2175
712727283,0,0.0
710754933,1,0.96
709938708,0,0.0
710831133,0,0.08
715570533,1,0.84
794576058,0,0.005
786557358,0,0.0225
708212658,0,0.03
818993508,0,0.0025
718466883,0,0.0
717085983,0,0.0525
709986633,0,0.0225
779348358,1,0.825
752944533,0,0.0575
712340733,0,0.015
814459833,1,0.1175
718373658,0,0.0
771359958,0,0.0575
779198133,0,0.0075
788618208,0,0.02
712288158,0,0.01
711838008,1,0.7425
710202783,0,0.0025
771976683,0,0.02
716176683,0,0.0
711278283,0,0.0125
715019883,0,0.0975
720292983,0,0.0
716498883,0,0.0325
713798958,0,0.005
716939358,0,0.01
709005633,1,0.86
795573333,0,0.0
771069033,0,0.0
801709308,0,0.005
716345283,0,0.0375
714835833,0,0.01
779783508,0,0.0175
825767658,0,0.005
717575958,1,0.9425
720753183,0,0.06
711766758,0,0.0025
711397533,0,0.0
767058183,0,0.0175
788864508,0,0.01
778377183,0,0.005
710844408,0,0.03
714919308,1,0.865
708874533,1,0.9425
778356408,0,0.0
769035933,0,0.0025
771228183,0,0.0175
772539558,0,0.0225
714045783,1,0.965
809797158,0,0.005
719531133,0,0.0325
719192808,0,0.0025
720662508,0,0.005
820848408,0,0.0
712412958,0,0.02
778984383,0,0.0
712865583,0,0.0
819997983,0,0.0125
718301508,0,0.0
789197508,0,0.0325
809459733,0,0.0075
813901458,0,0.0125
772360683,0,0.0425
779725833,0,0.005
712996833,0,0.0075
779681433,1,0.515
787591008,0,0.0
712642533,0,0.01
721051908,0,0.0175
715503558,0,0.0075
709841433,0,0.0525
710424408,0,0.095
709592808,0,0.0
788038383,1,0.1575
714363858,0,0.01
815015283,0,0.04
771336783,0,0.0025
738899658,1,0.775
796170933,1,0.1825
720992883,0,0.01
712238958,0,0.005
718530258,0,0.0025
711794358,1,0.585
716366208,0,0.0025
770038983,1,0.71
709937583,0,0.0
787623858,0,0.0025
711676008,0,0.065
812218908,1,0.845
720281508,0,0.0
721139808,0,0.0075
709990983,1,0.1
718244958,0,0.0275
756639708,0,0.0225
718645308,0,0.0025
717389433,0,0.015
779310033,1,0.9875
717192933,0,0.0375
718379358,0,0.0025
779661033,0,0.0025
715880283,0,0.01
719469333,0,0.0025
708974283,0,0.01
789859833,0,0.0125
772339383,0,0.045
716319258,0,0.0075
720330558,1,0.91
789827208,0,0.0175
751450008,0,0.005
789791808,0,0.005
717321783,0,0.035
712549758,0,0.035
712470033,0,0.03
719291283,0,0.02
720413658,0,0.0
709230708,1,0.15
708384033,1,0.6775
715029333,0,0.01
771040758,0,0.0275
711635358,0,0.0025
716604633,0,0.0075
716438433,0,0.0025
711216933,0,0.0
713916708,0,0.015
710106933,0,0.015
806189658,0,0.0
770632758,0,0.0575
789238683,0,0.0175
711873033,1,0.69
720384633,0,0.005
712181658,0,0.0025
714957108,0,0.0025
720247158,0,0.0525
772313358,0,0.0
803652633,0,0.0425
771422883,1,0.98
718009158,0,0.0
712612233,0,0.03
709901058,0,0.0
716682258,0,0.005
711478233,1,0.115
720040158,0,0.01
720212508,0,0.005
787605558,0,0.0025
780557658,0,0.05
709952658,0,0.02
793379058,0,0.0075
716971833,0,0.025
720997383,1,0.715
827111283,0,0.0275
769396158,1,0.96
820085808,0,0.0475
780349833,0,0.0075
715964058,0,0.01
771903033,0,0.015
802668333,1,0.74
718504983,0,0.0275
714882258,0,0.0
714211533,0,0.055
720198183,0,0.005
803587533,0,0.0
720050208,0,0.04
771058908,0,0.0
708971583,0,0.015
788812608,0,0.0
805282908,0,0.0025
717403158,0,0.025
718418958,1,0.9025
721374033,0,0.005
710849208,0,0.0025
771823308,0,0.04
719019483,0,0.0
769927533,0,0.0125
718951683,0,0.0
709666908,0,0.0025
719857008,0,0.0
788709408,0,0.0175
710641008,0,0.0525
815812683,0,0.0325
717624708,1,0.8375
789398733,0,0.0
716136333,1,0.7625
715162608,1,0.81
710822808,0,0.0375
714147858,0,0.0025
767333808,0,0.0
719654283,0,0.0075
766273533,0,0.0025
779601783,0,0.005
711370458,0,0.04
715519983,0,0.0025
788782008,0,0.0475
787595658,0,0.045
758211483,0,0.005
710637183,0,0.0075
712144158,1,0.925
715378383,0,0.01
771061008,1,0.675
719583558,0,0.01
810986883,0,0.0
788797983,0,0.04
815104608,0,0.01
715369008,0,0.0075
713418558,0,0.0525
708332808,0,0.0075
719729433,0,0.05
789022233,0,0.005
714234858,0,0.035
709170108,1,0.9925
779727558,0,0.015
708245808,0,0.0025
778255083,0,0.0
718755483,0,0.0375
712627083,1,0.5675
788990508,0,0.0225
804437658,0,0.0475
778430733,0,0.0125
808747233,1,0.7825
710555433,1,0.7775
708826158,0,0.01
717023508,0,0.0075
719694408,1,0.7675
710014683,0,0.0225
815596608,0,0.0025
712721358,1,0.8925
716870583,0,0.005
780076833,0,0.0
793616883,0,0.0175
789105183,0,0.015
817970208,0,0.025
779844408,1,0.96
719206308,0,0.005
721269108,0,0.005
772139433,0,0.01
717042333,1,0.925
710273658,0,0.0275
716626008,0,0.0025
716230158,0,0.0
713010483,0,0.0075
711220683,0,0.0
721398858,0,0.0
779400183,0,0.0875
789964983,1,0.875
715102308,0,0.01
712730583,0,0.03
718870158,0,0.0025
719484408,0,0.0375
720244983,0,0.0075
781306758,1,0.8475
779412783,0,0.0475
721217283,0,0.0225
815062383,0,0.0025
714155283,0,0.0075
716981358,0,0.0225
824915208,0,0.03
708498033,1,0.865
716860233,0,0.0
709839858,0,0.01
713144208,1,0.9125
708573933,0,0.0075
712579983,0,0.005
790099758,0,0.065
711305208,0,0.025
720062508,1,0.9275
708205083,0,0.01
772336458,1,0.835
710986758,0,0.02
789271533,0,0.0175
711360783,0,0.0125
714035283,1,0.9475
720415833,0,0.005
778873608,0,0.0075
718661958,0,0.06
719026383,0,0.08
710229333,0,0.0375
720437358,0,0.0725
811467708,0,0.02
778933983,0,0.0075
719413383,0,0.005
718252533,1,0.685
718188858,0,0.0075
711382458,1,0.7575
721212258,0,0.0
717600483,0,0.0475
761544333,0,0.0175
809425533,0,0.0025
709678608,0,0.0475
713151258,0,0.01
715345833,0,0.04
720776508,0,0.0175
720689583,0,0.0
801728658,0,0.065
718979733,0,0.005
721163133,0,0.04
710595783,0,0.07
714781908,0,0.005
709618308,0,0.0325
713971608,0,0.0025
718020408,0,0.0
716513358,0,0.0275
710401458,0,0.08
712177908,0,0.0075
719216508,0,0.0
711017433,0,0.0175
788386908,0,0.0075
710819733,1,0.7225
711978858,0,0.005
807136758,1,0.9425
716138958,0,0.0075
713070033,0,0.0075
827055333,0,0.0925
827408058,0,0.0125
793608258,1,0.865
717013383,0,0.0175
714320358,1,0.175
716948283,0,0.01
717657333,0,0.0475
788687133,0,0.05
710736558,0,0.0325
708721533,0,0.035
817108083,1,0.815
719737833,0,0.0575
813967983,0,0.0025
771464808,0,0.0025
713025558,1,0.6425
779016408,0,0.0225
712096758,0,0.0
789523683,0,0.0025
713177808,0,0.0
718777008,0,0.05
711004533,0,0.0
720046458,0,0.0075
710453283,0,0.075
708736608,1,0.885
778908783,0,0.0275
716056158,1,0.94
773257233,0,0.0075
711371208,0,0.0125
711831558,0,0.0
712164333,1,0.93
780126033,1,0.6975
821889858,1,0.9025
779656908,0,0.0
766821033,1,0.4975
789196158,0,0.0725
714228558,0,0.01
827360883,0,0.0125
712815858,0,0.0475
714533058,0,0.0
790149483,0,0.005
771584658,0,0.0075
814181433,0,0.0125
788761608,0,0.015
709009833,0,0.0125
708244458,0,0.0125
797998158,0,0.0
808279158,0,0.005
804601833,0,0.0225
789690483,0,0.0625
819109308,0,0.03
739317558,0,0.0
721305408,0,0.0125
716535408,0,0.0075
719391783,0,0.005
780602733,0,0.0025
789556533,0,0.0
713422083,1,0.87
721506708,0,0.0425
715774833,0,0.0425
714962658,1,0.9675
783561558,0,0.015
826709658,1,0.965
790017858,0,0.0275
712319958,0,0.025
717483558,0,0.04
713985183,0,0.0025
708404883,1,0.18
717208833,1,0.77
816091608,0,0.0025
709087983,0,0.0175
710763783,0,0.07
719018208,1,0.8525
713976258,0,0.0
709554483,0,0.0525
794485158,0,0.01
718795083,0,0.005
826451433,0,0.01
826717533,0,0.005
715294083,1,0.625
779187783,0,0.005
719513733,0,0.0025
709816158,0,0.075
711720408,0,0.015
714960408,1,0.9475
770746908,0,0.005
716101308,0,0.0025
809825358,0,0.0
719826333,0,0.015
710207208,0,0.005
720128658,1,0.695
780727833,0,0.035
802247658,1,0.7425
717787533,1,0.3475
721115733,0,0.005
709446783,1,0.1075
784719708,0,0.025
718570158,0,0.0575
709965858,0,0.005
757594083,0,0.03
789599283,0,0.045
718947558,0,0.0025
721147383,0,0.0
720683958,0,0.0275
780657708,0,0.015
713935533,0,0.0
713948808,0,0.0025
715406658,1,0.9275
772640808,0,0.015
708496833,1,0.6425
804847308,0,0.0
716931183,0,0.0
714030183,0,0.04
809296308,0,0.015
708358683,0,0.0075
794664183,0,0.01
712475733,1,0.1125
708770883,0,0.015
821339433,0,0.0
709206333,1,0.815
806914158,1,0.9525
709607733,0,0.0
712843983,1,0.6675
780511683,1,0.5175
709161108,1,0.64
708272808,0,0.005
708680583,0,0.0075
708712833,0,0.0175
711947358,0,0.0
719634408,0,0.0125
718267233,0,0.0275
715479483,0,0.0525
711164508,0,0.0175
719294433,0,0.0075
714412308,1,0.7225
716434533,1,0.96
719061933,0,0.0275
719091333,0,0.035
716573058,1,0.8025
740784258,0,0.0
711863433,0,0.06
780529908,0,0.0
715132758,0,0.0
713934633,1,0.5425
827423433,0,0.02
708385533,1,0.8375
789407958,0,0.0075
712589658,0,0.075
714759708,0,0.0125
826068183,0,0.0825
709913733,0,0.065
789744033,0,0.0325
710926383,0,0.0075
714052158,1,0.8725
714900408,1,0.1275
787532808,0,0.005
802449933,0,0.01
755996583,1,0.9675
709625733,0,0.01
719686458,0,0.0875
708642708,1,0.9975
790082508,0,0.01
713205108,0,0.0025
710838108,0,0.0225
714427608,0,0.0025
711655683,0,0.0025
826168083,0,0.0025
708553008,1,0.1375
719554758,0,0.02
820383558,0,0.0
817293258,0,0.0025
709275558,0,0.09
816078708,0,0.0025
719490108,0,0.055
710410158,1,0.455
813961233,0,0.005
714259533,0,0.0025
713550483,0,0.0
719073483,1,0.635
710428308,0,0.005
779340183,0,0.02
788820933,0,0.0
798022683,1,0.8
717273333,0,0.0025
713952558,1,0.6725
712545183,0,0.0875
789611283,0,0.0125
713339283,0,0.0375
721032633,1,0.9175
719953383,0,0.0175
712814658,0,0.0
711764733,0,0.06
715915458,0,0.0525
720712533,0,0.0075
709984083,0,0.0025
719268333,0,0.0
790048158,0,0.07
717856983,0,0.0325
715545933,0,0.005
709861008,0,0.0
712863183,0,0.015
712423233,0,0.0
711648708,0,0.015
714864333,1,0.925
788830683,0,0.01
719358333,0,0.0225
789541458,0,0.0
711589758,0,0.0
711574008,1,0.105
779548008,0,0.03
801037833,0,0.0
720924633,0,0.05
718596858,0,0.0375
737967708,0,0.0025
798110358,1,0.1725
789582483,0,0.0025
710529708,0,0.03
789526458,0,0.0575
711039633,0,0.08
828294933,1,0.7775
720422358,0,0.015
720252858,0,0.0525
788966958,0,0.0125
714435408,0,0.0075
713453733,0,0.0225
711208083,0,0.0
721220583,0,0.0025
720205608,0,0.01
789983133,0,0.0275
787581858,0,0.0
708705783,1,0.7825
717234183,0,0.08
808705758,0,0.0
711183558,0,0.0275
812979408,1,0.9425
715354008,0,0.025
721062408,1,0.1625
712410858,0,0.0025
779116158,0,0.0725
712866933,0,0.0
710411358,1,0.915
771881283,0,0.0
715363908,0,0.0625
789560433,1,0.7925
709752183,0,0.015
807161508,0,0.0575
708393633,0,0.0075
771886233,0,0.01
716930133,0,0.0375
809937933,0,0.0
816596583,0,0.03
718803333,0,0.0175
795237183,0,0.0375
720419358,0,0.01
719514783,0,0.015
780374133,0,0.0075
810868758,0,0.0025
714286383,0,0.0
708588408,0,0.0125
813338733,0,0.0
788826408,0,0.025
713134458,0,0.0325
716350008,0,0.0
738062658,0,0.0025
709449333,0,0.0
718665933,0,0.0375
748503708,0,0.0125
807141183,0,0.05
766381908,0,0.0
822112383,0,0.0025
709061658,0,0.0175
797166633,0,0.01
789435783,0,0.01
708266883,1,0.85
716793108,0,0.0125
712253058,0,0.0
716430933,0,0.0025
715746633,0,0.0775
714842208,0,0.01
713879283,0,0.04
778679883,0,0.025
712110333,1,0.96
720724008,0,0.0
708387933,0,0.0225
712165308,0,0.0075
720283758,1,0.8075
708473133,0,0.0075
810493458,0,0.0275
711122958,1,0.73
721502958,0,0.0225
715908558,0,0.03
711594858,0,0.015
789513858,1,0.9425
712795833,1,0.615
719628033,1,0.1375
718282983,0,0.01
714121983,0,0.015
709791333,0,0.005
779916408,0,0.02
711657783,0,0.0075
780203883,0,0.0
709367433,1,0.1
736145283,0,0.0075
711516783,0,0.0125
712104333,0,0.005
711116133,1,0.8925
712988958,0,0.0125
771201408,0,0.0025
712011633,0,0.0025
713579733,0,0.005
796544133,0,0.0125
709272333,0,0.0125
715153158,0,0.01
779342958,0,0.015
810545733,0,0.0
805453908,0,0.0
817086783,0,0.0675
714943233,0,0.0
789097833,0,0.01
759584958,1,0.71
708886533,0,0.0
708761733,0,0.0625
711600033,0,0.0075
769935783,0,0.0275
717446208,0,0.0125
721121283,0,0.005
819151083,0,0.0
716470683,0,0.0025
779643858,0,0.01
787665258,1,0.895
787475433,0,0.0075
717448383,1,0.7225
710812533,1,0.9375
716461683,0,0.0
814571058,0,0.0075
712071708,1,0.1
720769533,0,0.005
794581533,0,0.005
715732533,1,0.4
708286683,0,0.0
708543258,0,0.01
713809833,0,0.0
793636308,0,0.015
789095958,1,0.8575
757722708,0,0.0175
738627708,1,0.94
820353558,0,0.055
718739508,1,0.1325
788943333,1,0.4575
708397008,0,0.0
711392508,0,0.005
780653208,0,0.015
710251608,0,0.07
719354433,0,0.0
710676483,0,0.0125
826414083,0,0.005
720673008,0,0.0825
716736858,0,0.0
715660308,1,0.825
785387883,0,0.035
721028283,0,0.0025
717797658,0,0.02
712390683,0,0.0825
717965808,0,0.0725
721514883,0,0.0225
718477983,0,0.005
719671383,0,0.005
711191808,0,0.0475
708637758,1,0.115
794675058,1,0.7925
720508233,1,0.34
713094483,0,0.0525
780064983,0,0.04
710155158,1,0.7275
710904708,0,0.0025
801715383,1,0.975
806889633,0,0.045
794831733,0,0.0075
712019883,0,0.0225
770956158,0,0.0075
778386033,1,0.1725
708147108,0,0.0
710310108,0,0.0225
771982083,0,0.005
714754533,0,0.0
717626508,0,0.0
718328283,0,0.0075
716739258,0,0.0825
714277758,0,0.0375
720210483,0,0.005
720411183,0,0.0025
711379083,0,0.0
798558783,0,0.0
713363583,0,0.0075
720339558,0,0.0025
715008858,0,0.005
779037408,0,0.01
721513833,0,0.01
714311583,0,0.03
797414733,1,0.1025
716864733,0,0.0325
712924383,1,0.8825
719854008,0,0.035
771630783,0,0.01
771471708,0,0.035
769463433,0,0.0075
711377808,0,0.0075
713133258,0,0.0275
718162908,0,0.0625
713257083,0,0.0
772687983,0,0.0025
711535158,1,0.7375
799700208,0,0.015
717177783,0,0.0225
711402333,0,0.0675
714304458,0,0.0675
713347608,1,0.7675
718303683,1,0.79
714317058,0,0.005
718152333,1,0.8475
716385033,0,0.0175
720674133,0,0.085
719153433,0,0.0
712765158,1,0.195
713229633,1,0.9425
712256358,0,0.0375
717656433,0,0.0
771081558,0,0.0
710702733,0,0.0125
779612808,0,0.0875
713904708,0,0.0025
716546283,0,0.025
711670308,0,0.025
710856558,0,0.0
713639958,0,0.0325
716987358,1,0.7375
720008133,0,0.0
710084883,0,0.0075
816476658,1,0.6
778486008,0,0.0075
769053033,1,0.9475
716171358,0,0.0025
772684833,0,0.025
709485033,0,0.01
713352183,0,0.0
712557708,0,0.01
821149008,1,0.8575
711816108,1,0.9875
712532058,0,0.015
718811058,0,0.0
713696808,1,0.9075
753233733,0,0.0025
717030633,0,0.0375
718320933,0,0.0025
714608583,1,0.8025
715942683,0,0.015
771356508,0,0.0175
711326583,0,0.03
714621183,0,0.0025
712805658,0,0.005
808981608,0,0.0
718337733,0,0.025
715921758,0,0.015
779803008,0,0.0075
717195933,1,0.995
712562433,1,0.9725
769578108,0,0.02
715442958,0,0.005
708402333,0,0.0125
719334408,0,0.0475
788246958,0,0.0125
780336258,0,0.005
772706283,0,0.005
780684933,0,0.0
712927383,1,0.9775
712820208,0,0.0
721434483,0,0.0525
720659283,0,0.0125
716004258,0,0.0
713111883,0,0.0475
772248408,0,0.03
787492908,0,0.0
718227033,0,0.0125
711320508,0,0.0075
718828083,0,0.0
709823733,1,0.755
772116408,0,0.0425
717355533,0,0.0
715932708,0,0.0
719679858,0,0.03
772323033,0,0.0
714168183,0,0.05
710719683,0,0.0
719876808,0,0.0475
778894233,0,0.0
712881483,1,0.2325
789481233,1,0.865
714767508,0,0.02
789144633,1,0.14
710635083,0,0.06
711557508,0,0.0025
720650208,0,0.09
810856833,0,0.0125
712828533,1,0.2525
714503433,1,0.985
817245183,0,0.0
709106358,1,0.1325
720179883,0,0.03
816756783,0,0.0125
812501358,0,0.01
717203958,0,0.04
719661558,0,0.02
716297658,1,0.2075
756065433,0,0.03
717076458,0,0.0375
716586408,0,0.01
719776608,1,0.1375
710268858,0,0.0
719400108,0,0.06
715398858,0,0.02
717359208,0,0.0
788595183,0,0.01
772082208,0,0.005
720770883,0,0.06
716263533,0,0.0025
719848008,0,0.0025
717073308,0,0.0075
716277558,1,0.1075
712010358,1,0.9325
709319658,1,0.705
794665608,0,0.025
708997833,0,0.0
717135333,0,0.0025
795784008,1,0.8725
711728208,0,0.0075
737925558,0,0.005
719147208,0,0.0475
715941633,0,0.045
714078558,1,0.8625
719453283,0,0.0
794507133,1,0.8475
710790258,0,0.0575
755953308,0,0.0125
712710708,0,0.015
717843783,0,0.0525
710297133,0,0.0025
716222808,0,0.01
714069858,0,0.03
787659483,0,0.015
757167633,0,0.0025
717207408,0,0.02
778224858,0,0.0
709103358,0,0.0125
816829608,0,0.0375
719838558,0,0.005
718161708,0,0.0925
717382608,0,0.015
711762408,0,0.0025
811571733,0,0.0275
779403558,0,0.025
718399233,0,0.01
711343233,0,0.08
779536233,0,0.015
718893333,0,0.0075
716697708,1,0.865
708788583,1,0.86
713808633,0,0.0175
721210158,0,0.04
789666333,0,0.005
710872233,1,0.58
780497958,0,0.035
798047583,0,0.0425
817089408,0,0.0
787472283,0,0.0025
801786483,0,0.0275
709040508,0,0.0025
709257708,0,0.0
753118533,0,0.0075
812222208,0,0.065
714187533,1,0.245
789180933,0,0.0175
718140783,0,0.0125
713924283,1,0.495
713236458,0,0.02
816315558,0,0.0225
770135358,0,0.005
714284358,0,0.0
712965183,0,0.0
713668158,1,0.4225
784819758,0,0.0025
712025958,0,0.005
713653983,0,0.0
712619808,0,0.0025
710086308,0,0.005
711781233,0,0.0125
708254733,0,0.0275
788930358,0,0.005
714361083,1,0.6625
713253858,1,0.9625
771020133,0,0.0225
719593608,1,0.8775
714407058,0,0.01
721282908,0,0.0475
771507258,0,0.0125
716285358,0,0.01
711985833,1,0.2675
717182883,0,0.0125
714618333,0,0.0
709443633,0,0.0075
778180158,0,0.0
713755458,1,0.865
767269908,0,0.005
778231983,0,0.0075
769911858,0,0.0125
711866358,0,0.01
774437583,0,0.0275
711232608,1,0.975
721315233,0,0.0
713401758,0,0.0025
769438608,1,0.94
713172408,0,0.045
778425408,0,0.0175
718611333,0,0.0025
771400608,0,0.0125
719990358,0,0.01
714250908,1,0.765
715992558,0,0.0
713181558,0,0.015
793597833,0,0.0
816013383,1,0.92
715518783,0,0.0025
779353083,0,0.0275
719881533,1,0.8875
792864858,0,0.03
808681158,1,0.1025
717390408,1,0.5
720551733,1,0.9425
772273983,1,0.97
720648483,0,0.0625
721486908,0,0.0075
716657058,0,0.0125
713630733,1,0.145
718586133,0,0.0025
717482658,0,0.0325
718503108,0,0.0075
714148758,0,0.06
708902883,0,0.0125
771499233,0,0.005
714113658,0,0.0075
713231658,0,0.0075
708319908,1,0.84
715629783,0,0.025
820587258,0,0.0675
771852483,0,0.065
712578933,1,0.745
711263058,0,0.0
779405133,0,0.0025
716094333,0,0.0025
778837083,1,0.785
712434708,1,0.9575
771431133,0,0.0175
709716258,0,0.02
710464683,0,0.0075
787543008,0,0.0025
709363383,0,0.0175
817988433,0,0.0
717189183,0,0.0125
710854008,0,0.02
714531108,0,0.0075
778420383,0,0.0375
809068983,0,0.0275
713131158,1,0.7275
709649958,1,0.915
754886958,0,0.0125
713476758,0,0.015
709473708,0,0.02
708190158,1,0.6275
719813058,0,0.02
708158133,1,0.93
815826708,0,0.0075
712682583,0,0.01
714917583,0,0.005
711577458,0,0.0075
717623583,0,0.03
708899283,0,0.03
720249183,0,0.005
718653333,1,0.9875
721424583,0,0.005
708451233,0,0.0425
788122533,1,0.225
708298233,1,0.8325
711935283,1,0.795
769892058,0,0.005
717954333,0,0.0175
820108008,0,0.0025
712840608,0,0.0225
817240833,0,0.025
771051783,1,0.125
779895108,0,0.015
714811533,0,0.0275
714945708,1,0.4775
712925808,1,0.8075
712302783,0,0.01
710725383,0,0.035
708710283,0,0.0
708382083,0,0.0575
767404083,1,0.9075
773297508,0,0.015
717478983,0,0.0225
709679658,0,0.0025
721427358,1,0.9025
718178583,0,0.0
718489608,0,0.0125
721349883,0,0.0575
787505133,1,0.8275
711521958,0,0.01
708271833,0,0.0375
711242058,1,0.7175
718524783,1,0.8325
715050408,0,0.0325
757527033,0,0.0725
717580458,1,0.7025
714938733,1,0.88
719170683,0,0.015
715347783,0,0.055
790108908,0,0.0075
789218433,0,0.0375
789469083,0,0.0075
715797783,0,0.005
713761608,0,0.025
771669183,0,0.02
779521533,0,0.0025
715554708,0,0.0125
767687208,0,0.0
708655983,0,0.06
720729108,0,0.0
708722583,0,0.0
715371108,1,0.785
797238108,0,0.0
718640508,0,0.06
709487058,0,0.01
712948383,0,0.03
708469533,0,0.0075
709104333,0,0.085
755420433,0,0.0425
718996758,0,0.0175
719445633,0,0.0
709231683,0,0.0
708846183,0,0.0
826723308,0,0.005
710825658,0,0.0025
796931508,1,0.95
808753758,0,0.0
789494133,0,0.0275
816312633,1,0.1075
720029508,0,0.0175
714971583,0,0.005
789325008,0,0.01
713287608,0,0.06
754872333,0,0.0225
713573508,1,0.965
718875483,0,0.0025
780237033,0,0.0275
710363433,0,0.025
795232683,0,0.0025
719577258,1,0.885
717400533,0,0.055
713047608,1,0.7975
716645883,0,0.0225
709707033,1,0.865
711112683,0,0.0575
799723908,0,0.0
712290258,0,0.0075
710462433,0,0.0
812446158,0,0.0075
788741733,0,0.0
780201633,1,0.96
713656308,0,0.035
710749458,0,0.005
817142433,0,0.015
789491058,0,0.0425
812488608,0,0.005
710563458,0,0.0025
716013858,0,0.02
717890583,0,0.0225
789540108,0,0.0
708753633,0,0.0175
772776033,1,0.1225
751283658,0,0.0175
711237633,1,0.9175
817197333,1,0.1425
718737708,0,0.025
710507733,0,0.0
712979133,1,0.51
717975333,1,0.1225
787563858,0,0.0
779442783,0,0.0
720608658,0,0.0
714524583,1,0.895
713580633,0,0.06
712214283,0,0.0
720190083,1,0.99
718394658,0,0.025
708615183,0,0.025
827476983,1,0.7675
803335008,0,0.0075
711658758,0,0.0
721232058,1,0.1525
809599158,1,0.9125
717127083,0,0.0075
709243533,0,0.0
711267633,1,0.9175
809849358,1,0.8275
720708183,0,0.0075
805259733,0,0.0625
712660308,1,0.945
714296358,0,0.0675
823578483,0,0.0
709749483,0,0.005
715215108,0,0.005
718415133,0,0.095
710500983,1,0.54
714970458,0,0.025
708931908,0,0.0025
749571633,0,0.005
801508383,0,0.0125
717185658,1,0.9425
812618883,0,0.0375
819002508,0,0.0125
710218233,0,0.015
719344608,0,0.0425
718464258,0,0.0575
710512833,0,0.0125
718032483,0,0.0
710159658,0,0.0225
715765758,0,0.0425
811700058,1,0.635
806824908,0,0.0025
712428333,0,0.0
710971908,0,0.0
718011783,0,0.01
721399833,0,0.0
710975883,0,0.0375
712420833,0,0.055
803115258,1,0.8925
721005108,0,0.0025
788610258,0,0.0
716159958,0,0.0325
789231858,0,0.0225
719123958,1,0.9775
719337408,1,0.1775
779486433,0,0.0075
817337958,0,0.0975
712774908,0,0.01
813234108,0,0.03
792524358,0,0.0625
719282433,0,0.03
720299283,0,0.0
709479558,0,0.0425
716102583,0,0.025
713733633,1,0.5
795155433,0,0.0
711783483,0,0.0025
721532583,1,0.6525
714753258,0,0.02
721055058,0,0.0225
720510333,0,0.0025
718146258,0,0.0175
715664808,1,0.925
719964933,0,0.0075
709173108,1,0.8975
719722308,0,0.0725
719666283,0,0.075
780006783,1,0.905
715601808,0,0.025
769720683,0,0.02
765692658,0,0.0075
717819633,0,0.025
718699683,0,0.0025
797169633,0,0.0025
710636208,0,0.0575
709309308,1,0.765
819690933,0,0.025
711615933,0,0.0075
714933783,0,0.0175
778643733,1,0.7775
712867983,1,0.1125
718939083,1,0.9475
713512308,1,0.695
790123983,0,0.005
711153783,0,0.0075
744483633,0,0.0475
719971458,0,0.0
716506083,1,0.8675
716329383,1,0.72
719719158,0,0.0325
716107158,1,0.475
714477408,1,0.8975
773146383,0,0.06
708635058,0,0.0
803421108,0,0.0525
716210283,0,0.01
711315783,0,0.0775
712489158,0,0.0225
718576908,0,0.0075
753208833,0,0.0725
798546408,0,0.015
827114058,0,0.005
771453033,0,0.015
718452633,1,0.95
718026858,0,0.0
721181883,0,0.015
717609633,0,0.01
710927733,0,0.01
711551958,1,0.9825
716365233,0,0.005
783121008,0,0.0025
716780283,0,0.0075
718471758,0,0.005
756571983,1,0.1225
714700158,0,0.0075
794191008,0,0.0225
711000933,0,0.0025
789025083,0,0.0
717074283,1,0.865
714243408,0,0.0075
716462658,0,0.0725
719944458,0,0.0
718866633,0,0.0
714247458,0,0.0125
783910008,0,0.0
714294183,1,0.92
789530208,1,0.1125
714389058,0,0.0125
772661808,0,0.005
710135058,0,0.005
716805408,0,0.0
789304983,0,0.0525
743912958,0,0.01
715311183,0,0.0
720264783,0,0.0
788771733,0,0.0
711724083,1,0.5375
717628608,0,0.0425
712319058,0,0.0475
772231233,0,0.0225
715315008,0,0.0375
778853358,0,0.07
714581358,1,0.9575
710810883,0,0.0025
709879458,0,0.035
811970808,0,0.025
720015183,0,0.0
708907833,0,0.015
826261008,1,0.985
794682483,0,0.025
708098133,0,0.0325
711069483,0,0.0925
709537683,1,0.9375
710770383,0,0.0375
809811858,1,0.8225
772216833,0,0.0025
717830583,0,0.0
713779908,0,0.0175
712507758,0,0.055
716093133,0,0.0375
817382958,0,0.0
714400308,0,0.0125
789466008,0,0.0025
710289783,1,0.63
712659408,0,0.0
788791383,0,0.065
709822008,0,0.0
816615633,1,0.12
718521258,0,0.0625
713533983,0,0.0225
709444983,1,0.8825
717405408,0,0.0025
753226158,0,0.02
780384483,1,0.64
720096558,0,0.0375
778567983,0,0.015
711649908,0,0.0075
718038483,0,0.0025
719519058,1,0.9025
770985633,0,0.0675
713600958,0,0.025
719801508,0,0.0
713686008,0,0.015
720401658,1,0.8325
715572783,0,0.0175
817908783,0,0.0025
712361583,0,0.0625
709108533,0,0.0025
718490658,0,0.015
790006383,0,0.0275
710744433,0,0.05
780865308,0,0.055
716643033,1,0.9275
789241308,1,0.9775
721344858,1,0.1025
717050883,0,0.0
788979258,0,0.0
719125158,0,0.09
709545333,0,0.04
721165608,0,0.01
714652383,0,0.0
737921733,1,0.2775
804428958,0,0.015
720075558,0,0.0875
769676358,0,0.0
716378658,0,0.09
714479358,1,0.775
712141683,0,0.05
710005683,0,0.0075
721228308,1,0.9925
758833758,0,0.0725
787565433,0,0.05
780253533,0,0.09
714595983,1,0.9975
709547658,1,0.9175
711801933,1,0.9575
715808808,0,0.0075
711294258,0,0.0025
708542283,0,0.025
787514433,0,0.01
779773533,1,0.11
807964908,0,0.005
757753083,0,0.04
779331558,0,0.0275
799026633,0,0.04
719898108,0,0.01
711252258,0,0.0425
719724933,0,0.0025
715413483,0,0.005
751518633,1,0.725
742552683,0,0.0025
756598833,0,0.085
794562783,0,0.0275
779942808,0,0.005
789151983,0,0.0025
779598183,0,0.0175
720714933,0,0.01
708536283,1,0.7425
714548733,0,0.03
713796033,1,0.81
770817783,0,0.005
716032233,0,0.0
719806233,0,0.0075
712835433,0,0.01
713975433,0,0.005
715076358,1,0.725
720731808,1,0.2625
714616308,0,0.0
717502083,1,0.61
789362058,0,0.01
794530608,0,0.05
709007883,0,0.01
709219533,0,0.005
787723758,0,0.0325
710968008,0,0.0
780638958,0,0.0025
716951658,0,0.095
715956258,1,0.1075
785119833,1,0.185
710723958,0,0.005
714011358,0,0.03
717724233,0,0.0375
754671558,0,0.0875
794514108,0,0.025
719385558,0,0.065
712637283,0,0.0125
714222183,0,0.015
709175208,0,0.0075
717112533,0,0.075
714426783,0,0.0125
721448283,1,0.7875
782548758,0,0.01
717561108,0,0.015
720585183,0,0.005
714643983,0,0.0025
712291308,0,0.0
713036208,0,0.0
709979583,0,0.06
717517758,0,0.0025
717271983,0,0.0125
718528008,0,0.0
719118708,1,0.7075
708657033,0,0.0
717489033,1,0.7075
818926833,1,0.175
708338958,0,0.0075
827683383,0,0.0075
717099408,0,0.01
716878533,0,0.0075
797410983,0,0.0125
789625383,0,0.0725
709701558,0,0.02
708334158,0,0.0225
710638233,1,0.65
794496033,0,0.005
709738008,0,0.005
808756458,0,0.0075
710982858,0,0.0025
718451133,0,0.015
717991533,0,0.0
713104458,1,0.845
715783758,0,0.0
716891583,0,0.01
714557583,0,0.015
714840858,0,0.0075
788911458,0,0.0025
712521783,0,0.0075
716756133,0,0.0025
793550958,0,0.04
768687183,0,0.0325
778170633,0,0.0025
789307833,0,0.03
718291233,0,0.0
718984533,0,0.0
794293908,0,0.0175
708829758,0,0.0425
717016833,0,0.0425
711339258,0,0.04
708754833,0,0.0075
716773533,0,0.03
788896983,0,0.015
715694433,0,0.0075
708403308,0,0.075
715511658,0,0.0025
717327783,0,0.015
717384183,0,0.01
818929158,0,0.055
789539058,0,0.06
718357458,0,0.075
709530408,0,0.03
826245858,1,0.7575
716800908,0,0.03
714425283,0,0.0025
718345233,1,0.1075
713128833,1,0.12
769577358,0,0.0475
758824608,0,0.005
716742483,0,0.0525
710905908,0,0.01
712902483,0,0.0
772105608,0,0.005
809951133,1,0.5025
710015733,1,0.8775
716893683,1,0.875
788808633,0,0.0075
714100008,1,0.6975
717211608,0,0.0275
711008508,0,0.0025
712899333,0,0.0675
714091983,0,0.0075
802878408,0,0.0225
715958583,0,0.0175
716142858,0,0.0225
720449208,0,0.0125
739021908,0,0.025
817035108,0,0.01
718957083,0,0.01
712084383,0,0.005
771952683,0,0.005
719782458,0,0.0
721164483,0,0.0025
806989008,0,0.0075
709624533,1,0.11
710570058,1,0.895
713114133,1,0.83
771224358,0,0.0175
809440008,1,0.94
785515533,0,0.015
713709258,0,0.01
708104658,1,0.1575
817958733,0,0.0325
721183983,0,0.0125
810220833,0,0.0025
713373708,1,0.9425
715710708,0,0.0
717443658,0,0.005
717915783,1,0.885
779217333,0,0.0
710794983,0,0.0075
795855258,0,0.0275
788719533,1,0.1775
720782658,0,0.0025
720034983,0,0.045
713536158,0,0.005
755262933,0,0.0425
719136183,0,0.0
715898058,0,0.01
716315508,1,0.905
788667408,0,0.025
768949983,0,0.035
778882758,0,0.0225
709465758,0,0.0575
719781183,0,0.0325
720101658,1,0.1075
713782608,0,0.0075
802101858,0,0.07
708757233,0,0.0025
709711758,1,0.8725
772000533,0,0.0625
720827133,1,0.95
789903708,0,0.0025
719855958,0,0.0
713254983,0,0.0225
709120008,1,0.275
720927183,0,0.015
716875083,0,0.0275
716988633,0,0.05
711553308,0,0.0
788802483,0,0.0
708908883,0,0.0
712644483,0,0.0075
716311683,0,0.025
779707308,0,0.0675
720595083,0,0.0375
715034358,0,0.03
720897783,0,0.005
826513233,1,0.2325
826065258,0,0.02
772426383,0,0.005
717972408,0,0.015
708888633,1,0.98
714916758,0,0.0475
710888883,0,0.0025
717296808,0,0.04
713847858,1,0.8875
768728508,0,0.0075
762020133,1,0.9625
710706558,1,0.24
709278258,1,0.585
710679933,1,0.7675
713152383,0,0.0225
771429408,0,0.015
770721858,0,0.035
778686408,0,0.0025
771682533,0,0.0225
712378983,1,0.53
714615258,1,0.8325
713027058,1,0.9875
789485433,0,0.0025
716368008,1,0.6325
771935283,0,0.01
779315508,1,0.41
794843883,0,0.0025
822084333,1,0.79
714893733,0,0.05
719474583,0,0.09
717141858,0,0.005
712714008,0,0.0
719570733,0,0.0075
720980958,0,0.0
720964683,0,0.0225
718263108,1,0.695
789101883,0,0.0325
809292483,0,0.0775
778973658,0,0.0325
708560733,0,0.0275
721171008,0,0.0325
781297983,0,0.06
778228458,0,0.035
797668983,0,0.015
713492583,1,0.9375
715799808,1,0.85
711647808,0,0.0075
720840108,0,0.0025
711349083,1,0.215
721247883,0,0.0
720497958,0,0.0625
719466558,0,0.0725
753220383,1,0.895
757481283,0,0.0725
778506633,1,0.965
819634233,1,0.98
753795633,1,0.7225
715435758,0,0.0
772063308,0,0.015
718205283,0,0.0025
720863133,0,0.0125
709288383,0,0.0025
709213458,1,0.9125
708670608,0,0.0175
709150608,0,0.04
713105508,0,0.02
716303583,0,0.0025
787669233,0,0.0325
771488583,0,0.0275
708269583,0,0.015
779809908,0,0.0
720973833,0,0.035
720236433,0,0.005
717895833,0,0.0075
718921683,0,0.02
713828208,0,0.04
779241783,0,0.03
797241108,0,0.0125
716635758,0,0.0075
714536208,0,0.025
709372608,0,0.0
769574883,1,0.2225
718286658,0,0.005
714839808,0,0.0
718342158,1,0.7975
778573233,0,0.0
715680933,0,0.0125
708396033,0,0.0025
713356833,0,0.0425
814593858,0,0.01
771592458,0,0.0
827631483,0,0.0125
811721133,0,0.0725
720443358,0,0.0025
709477233,0,0.005
711942783,0,0.0275
768848658,0,0.05
788772708,0,0.0125
717109983,0,0.005
712128258,0,0.0325
720621408,1,0.115
710295858,0,0.0075
714647808,0,0.01
712374708,0,0.005
715547058,1,0.9875
720539583,0,0.005
712952283,0,0.0025
710475408,0,0.0025
715007583,0,0.005
713061558,1,0.23
772288758,0,0.0125
713977308,0,0.0
801064833,0,0.01
708129933,0,0.0125
789167658,0,0.045
720286908,0,0.0025
716565258,1,0.165
708564858,1,0.7625
778895883,0,0.015
709410033,0,0.03
710745633,0,0.0
709008708,0,0.025
714738858,0,0.0
713639058,1,0.965
719739108,0,0.025
826079508,0,0.01
710795883,0,0.01
710404533,0,0.02
719359458,0,0.0725
821837958,0,0.0475
710691633,0,0.01
779296908,0,0.0275
710797833,0,0.015
804337233,0,0.0
713823033,1,0.895
720076458,0,0.0125
809818008,0,0.0175
717376758,0,0.0
795844983,0,0.015
789368658,0,0.03
720462633,0,0.005
708938508,0,0.0075
709560258,1,0.6275
717513933,0,0.045
711113958,0,0.0125
713995233,0,0.0
717906783,0,0.0925
716516208,0,0.025
756658083,0,0.0
718692258,0,0.025
719816583,1,0.62
787578183,0,0.0025
788699808,1,0.185
809320908,0,0.0
789942033,1,0.52
714006333,1,0.8025
710813733,0,0.0375
711679533,1,0.1
709212183,0,0.0125
807523008,0,0.01
787480158,0,0.005
711272058,0,0.0025
720033033,0,0.0
794124708,0,0.025
790164408,0,0.0125
714831033,0,0.06
718731183,1,0.885
827888433,0,0.02
711992133,0,0.0
711809283,0,0.015
714574083,0,0.09
769189083,0,0.0025
711968358,0,0.0
711750183,0,0.02
716511483,0,0.0175
800869758,0,0.0025
715235808,0,0.0025
714199983,0,0.0
718540308,0,0.0025
716460933,0,0.0475
780277458,0,0.0
798011733,0,0.005
714046608,0,0.015
713396358,0,0.0175
714005508,0,0.0025
717444558,0,0.0025
713905608,0,0.0175
711126483,0,0.0275
714602658,1,0.9825
716019333,0,0.0
714869958,0,0.0025
778459833,0,0.0575
789309558,0,0.0975
756736008,0,0.055
779883933,0,0.02
709343433,0,0.02
806908608,0,0.0125
720521808,0,0.0475
709523508,0,0.055
708373083,1,0.71
713325108,0,0.0325
819214233,0,0.0175
713188383,0,0.025
770778108,0,0.0
716610558,0,0.085
715174158,0,0.065
779608083,0,0.0025
780200208,0,0.0
718675158,1,0.885
817977933,1,0.895
755273658,0,0.0025
715022133,1,0.11
719804208,0,0.005
780056733,0,0.025
780373233,0,0.0075
817188408,0,0.025
772073508,1,0.9425
803805483,0,0.01
717823383,0,0.0075
789907533,1,0.745
788259558,0,0.01
815515158,0,0.0025
713884458,0,0.0125
789717708,0,0.0
708160008,0,0.005
708702258,1,0.79
789023508,0,0.0
719265108,0,0.015
813213558,0,0.015
802460433,1,0.9
717995958,0,0.0025
710697408,0,0.01
805458933,0,0.0025
713850783,0,0.005
713876958,0,0.055
718926258,0,0.0225
717585858,0,0.0075
710303208,0,0.0175
770647233,0,0.08
715459158,0,0.0025
789185508,0,0.035
779305008,0,0.005
713343333,0,0.0025
749067633,0,0.025
811713408,0,0.0
789990333,0,0.015
788770908,0,0.02
709411383,0,0.0
708361833,0,0.0075
712801758,0,0.0225
721179708,0,0.0125
708511983,0,0.0025
711388458,0,0.055
720486408,0,0.015
709157133,0,0.0075
712240083,1,0.9225
782802033,1,0.9125
712091433,0,0.0075
720494058,0,0.0125
710277183,0,0.005
789804933,0,0.02
719022558,0,0.0
714573258,0,0.0775
709919283,0,0.025
716481408,0,0.04
719038008,1,0.1175
793456983,0,0.0
720597108,1,0.6875
715233108,0,0.0
709220583,0,0.06
779324358,1,0.105
712112733,0,0.0125
714443058,1,0.7975
711109908,0,0.0225
717464958,1,0.1075
713701533,0,0.0
772565883,0,0.0
758765808,1,0.485
716851908,0,0.0375
721500108,0,0.015
820268358,0,0.0
717171408,0,0.075
713567958,0,0.0225
716512383,0,0.0375
713008308,0,0.055
780942633,0,0.0275
716249508,0,0.0025
714909108,0,0.0325
778708533,1,0.75
772725408,0,0.005
709534083,1,0.97
817144458,0,0.015
807157833,0,0.0
716371308,0,0.0375
716332533,0,0.0025
716924958,1,0.8675
720904233,0,0.0275
711964533,0,0.0025
788715483,0,0.0025
788832033,0,0.0075
716022258,1,0.9575
712208658,0,0.005
710482533,0,0.0075
717661908,0,0.0175
720254883,0,0.03
719532108,0,0.09
779610033,1,0.81
819977058,0,0.0
772202058,0,0.0525
717658758,0,0.0225
720467583,0,0.005
713314533,1,0.635
719318583,1,0.9175
789122808,1,0.825
708525108,0,0.0
779662308,0,0.015
717180633,0,0.0525
713000058,0,0.075
709747308,0,0.0
712235433,1,0.93
712405908,0,0.01
778885158,0,0.015
789143283,0,0.0025
721233033,1,0.86
718486608,0,0.0
713249883,0,0.0
797743233,0,0.0
778346283,0,0.0575
721113333,0,0.045
720707283,0,0.0925
788997408,0,0.085
710456658,0,0.0125
808796208,0,0.035
713685033,1,0.9425
788912658,0,0.005
712157958,1,0.5225
711148308,0,0.005
719117433,0,0.0875
